file,gun_deg,pose,x_mm,y_mm,z_mm,detail
gunm016.62.png,-16.62,1,-2.05,174.23,0.28,"1번 자세 (건 -16.62°, 오차 +0.15°)"
gunm015.46.png,-15.46,1,-2.05,174.24,0.28,"1번 자세 (건 -15.46°, 오차 +1.31°)"
gunm014.54.png,-14.54,,-2.05,174.23,0.27,"자세 사이다 — 건 -14.54°, 가장 가까운 1번 자세 에서 +2.23° (허용 ±1.50°)"
gunm013.49.png,-13.49,,-2.05,174.23,0.26,"자세 사이다 — 건 -13.49°, 가장 가까운 1번 자세 에서 +3.28° (허용 ±1.50°)"
gunm012.52.png,-12.52,,-2.05,174.23,0.22,"자세 사이다 — 건 -12.52°, 가장 가까운 1번 자세 에서 +4.25° (허용 ±1.50°)"
gunm011.60.png,-11.60,,-2.05,174.23,0.22,"자세 사이다 — 건 -11.60°, 가장 가까운 1번 자세 에서 +5.17° (허용 ±1.50°)"
gunm010.57.png,-10.57,,-2.05,174.24,0.22,"자세 사이다 — 건 -10.57°, 가장 가까운 2번 자세 에서 -4.24° (허용 ±1.50°)"
gunm009.52.png,-9.52,,-2.05,174.24,0.22,"자세 사이다 — 건 -9.52°, 가장 가까운 2번 자세 에서 -3.19° (허용 ±1.50°)"
gunm008.52.png,-8.52,,-2.05,174.23,0.22,"자세 사이다 — 건 -8.52°, 가장 가까운 2번 자세 에서 -2.19° (허용 ±1.50°)"
gunm007.64.png,-7.64,2,-2.05,174.24,0.22,"2번 자세 (건 -7.64°, 오차 -1.31°)"
gunm006.58.png,-6.58,2,-2.05,174.24,0.22,"2번 자세 (건 -6.58°, 오차 -0.25°)"
gunm005.50.png,-5.50,2,-2.05,174.24,0.22,"2번 자세 (건 -5.50°, 오차 +0.83°)"
gunm004.54.png,-4.54,,-2.05,174.23,0.22,"자세 사이다 — 건 -4.54°, 가장 가까운 2번 자세 에서 +1.79° (허용 ±1.50°)"
gunm003.57.png,-3.57,,-2.05,174.23,0.22,"자세 사이다 — 건 -3.57°, 가장 가까운 2번 자세 에서 +2.76° (허용 ±1.50°)"
gunm002.49.png,-2.49,,-2.05,174.24,0.17,"자세 사이다 — 건 -2.49°, 가장 가까운 12시 에서 -2.49° (허용 ±1.50°)"
gunm001.61.png,-1.61,,-2.05,174.24,0.17,"자세 사이다 — 건 -1.61°, 가장 가까운 12시 에서 -1.61° (허용 ±1.50°)"
gunm000.55.png,-0.55,0,-2.05,174.24,0.17,"12시 (건 -0.55°, 오차 -0.55°)"
gunp000.56.png,0.56,0,-2.05,174.23,0.17,"12시 (건 +0.56°, 오차 +0.56°)"
gunp001.41.png,1.41,0,-2.05,174.24,0.19,"12시 (건 +1.41°, 오차 +1.41°)"
gunp002.48.png,2.48,,-2.05,174.24,0.18,"자세 사이다 — 건 +2.48°, 가장 가까운 3번 자세 에서 -2.12° (허용 ±1.50°)"
gunp003.45.png,3.45,3,-2.05,174.24,0.17,"3번 자세 (건 +3.45°, 오차 -1.15°)"
gunp004.52.png,4.52,3,-2.05,174.24,0.17,"3번 자세 (건 +4.52°, 오차 -0.08°)"
gunp005.40.png,5.40,3,-2.05,174.23,0.17,"3번 자세 (건 +5.40°, 오차 +0.80°)"
gunp006.51.png,6.51,,-2.05,174.24,0.17,"자세 사이다 — 건 +6.51°, 가장 가까운 3번 자세 에서 +1.91° (허용 ±1.50°)"
gunp007.45.png,7.45,,-2.05,174.24,0.17,"자세 사이다 — 건 +7.45°, 가장 가까운 3번 자세 에서 +2.85° (허용 ±1.50°)"
gunp008.50.png,8.50,,-2.05,174.24,0.18,"자세 사이다 — 건 +8.50°, 가장 가까운 3번 자세 에서 +3.90° (허용 ±1.50°)"
gunp009.48.png,9.48,,-2.05,174.24,0.17,"자세 사이다 — 건 +9.48°, 가장 가까운 3번 자세 에서 +4.88° (허용 ±1.50°)"
gunp010.45.png,10.45,,-2.05,174.24,0.17,"자세 사이다 — 건 +10.45°, 가장 가까운 4번 자세 에서 -4.73° (허용 ±1.50°)"
gunp011.44.png,11.44,,-2.05,174.24,0.17,"자세 사이다 — 건 +11.44°, 가장 가까운 4번 자세 에서 -3.74° (허용 ±1.50°)"
gunp012.49.png,12.49,,-2.05,174.24,0.17,"자세 사이다 — 건 +12.49°, 가장 가까운 4번 자세 에서 -2.69° (허용 ±1.50°)"
gunp013.52.png,13.52,,-2.05,174.23,0.17,"자세 사이다 — 건 +13.52°, 가장 가까운 4번 자세 에서 -1.66° (허용 ±1.50°)"
gunp014.47.png,14.47,4,-2.05,174.23,0.17,"4번 자세 (건 +14.47°, 오차 -0.71°)"
